,Overall,Level -1,Level 0,Level 1
Objective vs. Subjective Assertivity,0.5020319196579787,0.05606911835987725,0.29477041061293663,-0.004707084465632537
Internal Certainty vs. Objective Assertivity,0.04395423234262137,0.07892842611468522,0.08353623869965988,0.20529683431736764
Internal Certainty vs. Subjective Assertivity,0.18793674302998947,0.15232308874392606,0.20357375617058654,0.29917660483626984
